Q1. Which of the following lines of code creates a variable to store the text Hello World?,A.myString = Hello World;,B.String myString = Hello World;,C.String myString = Hello World;,D. Hello World = String myString;,B
Q2. What is the result of the following expression? 1 + 3 / 2 � 7 % 3,A.4,B.1,C.5,D.4.5,B
Q3. What is the result of the following expression? 12 + 1 + 2,A.15,B.123,C.15,D.1212,B
Q4. What is the syntax for declaring a static method?,A.Public static void myMethod() {},B.public static myMethod(),C.public static class myMethod();,D.public class myMethod() {},B
Q5. What line creates a scanner object for you to use?,A.input = Scanner(System.in),B.Scanner input = Scanner(input),C.Scanner input = new Scanner(System.in),D. Scanner input;,C
