"Q1. Which feasibility study assesses the employees� skills upgrade requirement?


",A.Technical Feasibility,B.Operational Feasibility,C.Economic Feasibility,D.Legal Feasibility,B
Q2. Which method will you choose to have a low up-front cost of implementation for a common business requirement?,A.Develop In-House,B.Outsourcing,C.Software as a Service,D.None of the above,D
Q3. Evaluation Criteria is part of Feasibility Study Document,A.True,B.false,,,A
Q4. Test plan is part of feasibility study document,A.True,B.False,,,B
Q5. What metric used to quantify cost benefit analysis,A.IRR,B.IRB,C.IRC,D.IRA,A
Q6. What is the correct role of the person who help to develop the Requirements Specification Document ?,A.Developer,B.Tester,C.Business Analyst,D.QA Manager,C
Q7.What is the output of a Design phase ?,A.Requirements Specification,B.Source Code,C.Technical Specification,D.Database,C
Q8.Unit Testing is part of which Phase ?,A.Design Phase,B.Development Phase,C.Verification Phase,D.Maintenance Phase,B
Q9. Waterfall is an Iterative Development Model,A.True,B.False,,,B
Q10.Application Availability is taken care of in which Phase ?,A.Design Phase,B.Implementation Phase,C.Verification Phase,D.Maintenance Phase,D
