Q1. What is not the function of a Business Analyst,A.Manage the business objectives of a project.,B.Manage the project timelines.,C.Manage collection of requirements.,D.Manage the changes to the project.,B
Q2. What is User Stories ?,A.Picture of existing systems in the organization.,B.Picture of what people in organization want to achieve,C.An account of working with vendors.,D.An account of various Systems they have used.,B
Q3. Who is not a Stakeholder for a Project ?,A.Developers,B.Senior Managers,C.Subject Matter Experts,D.Team Members,A
Q4. Which is not a Diagram created by a Business Analyst,A.Stakeholder Map,B.Use Case Diagram,C.Activity Diagram,D.ER Diagram,D
Q5.Which is not a process to gather business requirement ?,A.Brainstorming,B.Observing a Job,C.System Design,D.Surveying,C
"Q6. Peer Review is a requirement verification technique


",A.True,B.False,,,A
Q7. What is a Procedure Manual ?,A.Explain how a process is intended to function,B.Explain how the project should be developed,C.Explain how the program should be coded,D.None of the above,A
"Q8.Test Strategy document is part of Business Analysis


",A.TRUE,B.FALSE,,,A
Q9.What is a legacy system ?,A.Is the newest system,B.Software as a Service System,C.In House System,D.Outdated System,D
"Q10.Validation of Inputs is one of the method to eliminate human error


",A.True,B.False,,,A
